date,vending_machine,cash_type,money,product_name
2024-03-01,North,Money,2.65,Hot Chocolate
2024-03-01,North,Cash,2.35,Americano with Milk
2024-03-01,North,Cash,2.35,Americano with Milk
2024-03-02,North,Cash,2.10,Americano
2024-03-02,North,Cash,3.05,Latte
2024-03-02,North,Money,2.35,Americano with Milk
2024-03-03,North,Money,3.05,Latte
2024-03-03,North,Cash,3.05,Latte
2024-03-03,North,Cash,2.10,Americano
2024-03-03,North,Cash,2.65,Hot Chocolate
2024-03-03,North,Cash,2.35,Americano with Milk
2024-03-04,North,Cash,3.05,Latte
2024-03-05,North,Cash,3.05,Latte
2024-03-05,North,Cash,2.65,Hot Chocolate
2024-03-06,North,Money,2.25,Cortado
2024-03-07,North,Cash,3.05,Latte
2024-03-07,North,Cash,2.35,Americano with Milk
2024-03-08,North,Money,2.10,Americano
2024-03-08,North,Cash,3.05,Latte
2024-03-09,North,Cash,2.65,Hot Chocolate
2024-03-09,North,Money,1.80,Espresso
2024-03-09,North,Money,2.90,Cappuccino
2024-03-09,North,Cash,2.10,Americano
2024-03-09,North,Cash,3.05,Latte
2024-03-09,North,Money,2.35,Americano with Milk
2024-03-10,North,Cash,2.25,Cortado
2024-03-11,North,Cash,2.90,Cappuccino
2024-03-11,North,Cash,2.25,Cortado
2024-03-12,North,Cash,2.65,Hot Chocolate
2024-03-12,North,Money,2.35,Americano with Milk
2024-03-13,North,Cash,2.35,Americano with Milk
2024-03-13,North,Cash,1.80,Espresso
2024-03-13,North,Cash,1.80,Espresso
2024-03-14,North,Cash,2.65,Hot Chocolate
2024-03-14,North,Money,3.05,Latte
2024-03-15,North,Cash,3.05,Latte
2024-03-15,North,Cash,2.10,Americano
2024-03-16,North,Cash,2.35,Americano with Milk
2024-03-16,North,Money,2.25,Cortado
2024-03-17,North,Money,2.25,Cortado
2024-03-18,North,Cash,2.10,Americano
2024-03-19,North,Money,3.05,Latte
2024-03-19,North,Cash,2.65,Hot Chocolate
2024-03-20,North,Cash,2.50,Cocoa
2024-03-21,North,Money,2.90,Cappuccino
2024-03-21,North,Money,2.10,Americano
2024-03-22,North,Cash,2.10,Americano
2024-03-22,North,Cash,2.10,Americano
2024-03-23,North,Money,2.35,Americano with Milk
2024-03-23,North,Money,2.35,Americano with Milk
2024-03-25,North,Cash,3.05,Latte
2024-03-25,North,Money,2.35,Americano with Milk
2024-03-25,North,Cash,3.05,Latte
2024-03-25,North,Money,3.05,Latte
2024-03-25,North,Cash,2.35,Americano with Milk
2024-03-25,North,Cash,2.90,Cappuccino
2024-03-26,North,Cash,2.50,Cocoa
2024-03-26,North,Cash,3.05,Latte
2024-03-26,North,Cash,2.25,Cortado
2024-03-26,North,Cash,2.10,Americano
2024-03-26,North,Money,2.25,Cortado
2024-03-26,North,Cash,3.05,Latte
2024-03-26,North,Money,2.65,Hot Chocolate
2024-03-27,North,Cash,2.90,Cappuccino
2024-03-28,North,Cash,2.10,Americano
2024-03-29,North,Money,2.90,Cappuccino
2024-03-29,North,Cash,2.90,Cappuccino
2024-03-30,North,Cash,3.05,Latte
2024-03-30,North,Cash,2.35,Americano with Milk
2024-04-01,North,Cash,2.10,Americano
2024-04-01,North,Cash,2.35,Americano with Milk
2024-04-01,North,Cash,2.90,Cappuccino
2024-04-02,North,Cash,3.05,Latte
2024-04-02,North,Money,2.25,Cortado
2024-04-04,North,Cash,3.05,Latte
2024-04-05,North,Cash,2.50,Cocoa
2024-04-06,North,Money,2.90,Cappuccino
2024-04-06,North,Money,3.05,Latte
2024-04-07,North,Cash,3.05,Latte
2024-04-07,North,Cash,2.65,Hot Chocolate
2024-04-08,North,Cash,2.90,Cappuccino
2024-04-08,North,Cash,2.35,Americano with Milk
2024-04-09,North,Cash,3.05,Latte
2024-04-09,North,Cash,2.65,Hot Chocolate
2024-04-11,North,Cash,3.05,Latte
2024-04-11,North,Cash,2.90,Cappuccino
2024-04-12,North,Cash,2.65,Hot Chocolate
2024-04-12,North,Money,2.25,Cortado
2024-04-13,North,Cash,2.10,Americano
2024-04-13,North,Cash,3.05,Latte
2024-04-14,North,Cash,2.90,Cappuccino
2024-04-14,North,Cash,2.25,Cortado
2024-04-14,North,Cash,3.05,Latte
2024-04-16,North,Money,2.50,Cocoa
2024-04-16,North,Money,2.35,Americano with Milk
2024-04-16,North,Money,2.90,Cappuccino
2024-04-17,North,Cash,2.90,Cappuccino
2024-04-17,North,Cash,2.90,Cappuccino
2024-04-17,North,Money,2.25,Cortado
2024-04-18,North,Cash,2.10,Americano
2024-04-18,North,Cash,2.10,Americano
2024-04-18,North,Cash,2.90,Cappuccino
2024-04-19,North,Cash,2.35,Americano with Milk
2024-04-19,North,Money,2.65,Hot Chocolate
2024-04-19,North,Cash,2.50,Cocoa
2024-04-19,North,Money,2.35,Americano with Milk
2024-04-20,North,Money,2.10,Americano
2024-04-20,North,Cash,2.35,Americano with Milk
2024-04-20,North,Cash,2.35,Americano with Milk
2024-04-20,North,Money,2.50,Cocoa
2024-04-20,North,Cash,2.90,Cappuccino
2024-04-20,North,Cash,2.90,Cappuccino
2024-04-21,North,Money,2.10,Americano
2024-04-22,North,Cash,3.05,Latte
2024-04-22,North,Money,2.90,Cappuccino
2024-04-23,North,Cash,2.35,Americano with Milk
2024-04-24,North,Money,3.05,Latte
2024-04-24,North,Cash,2.35,Americano with Milk
2024-04-25,North,Cash,3.05,Latte
2024-04-25,North,Cash,2.10,Americano
2024-04-25,North,Cash,2.10,Americano
2024-04-26,North,Cash,3.05,Latte
2024-04-26,North,Cash,2.10,Americano
2024-04-26,North,Cash,2.25,Cortado
2024-04-26,North,Cash,2.50,Cocoa
2024-04-28,North,Money,3.05,Latte
2024-04-28,North,Money,3.05,Latte
2024-04-29,North,Cash,2.90,Cappuccino
2024-04-30,North,Cash,3.05,Latte
2024-04-30,North,Cash,2.35,Americano with Milk
2024-04-30,North,Cash,2.90,Cappuccino
2024-04-30,North,Cash,2.35,Americano with Milk
2024-05-02,North,Money,3.05,Latte
2024-05-02,North,Cash,2.90,Cappuccino
2024-05-03,North,Cash,3.05,Latte
2024-05-06,North,Money,2.90,Cappuccino
2024-05-06,North,Money,2.25,Cortado
2024-05-06,North,Cash,2.25,Cortado
2024-05-06,North,Cash,2.90,Cappuccino
2024-05-06,North,Cash,2.90,Cappuccino
2024-05-07,North,Money,2.25,Cortado
2024-05-07,North,Money,3.05,Latte
2024-05-07,North,Cash,2.35,Americano with Milk
2024-05-07,North,Cash,2.90,Cappuccino
2024-05-08,North,Cash,3.05,Latte
2024-05-09,North,Cash,3.05,Latte
2024-05-09,North,Money,2.10,Americano
2024-05-10,North,Money,3.05,Latte
2024-05-10,North,Money,2.35,Americano with Milk
2024-05-11,North,Cash,3.05,Latte
2024-05-11,North,Cash,2.35,Americano with Milk
2024-05-11,North,Cash,2.50,Cocoa
2024-05-11,North,Money,2.35,Americano with Milk
2024-05-12,North,Money,3.05,Latte
2024-05-12,North,Cash,2.35,Americano with Milk
2024-05-14,North,Cash,2.10,Americano
2024-05-14,North,Money,3.05,Latte
2024-05-14,North,Money,2.90,Cappuccino
2024-05-14,North,Cash,2.35,Americano with Milk
2024-05-14,North,Cash,2.10,Americano
2024-05-14,North,Cash,2.90,Cappuccino
2024-05-14,North,Cash,2.65,Hot Chocolate
2024-05-15,North,Cash,2.35,Americano with Milk
2024-05-15,North,Money,2.10,Americano
2024-05-15,North,Cash,2.25,Cortado
2024-05-15,North,Money,2.90,Cappuccino
2024-05-16,North,Cash,2.35,Americano with Milk
2024-05-16,North,Cash,2.35,Americano with Milk
2024-05-16,North,Cash,2.65,Hot Chocolate
2024-05-16,North,Cash,3.05,Latte
2024-05-17,North,Money,2.10,Americano
2024-05-17,North,Cash,2.35,Americano with Milk
2024-05-17,North,Cash,2.10,Americano
2024-05-17,North,Cash,3.05,Latte
2024-05-18,North,Money,2.90,Cappuccino
2024-05-18,North,Cash,2.35,Americano with Milk
2024-05-18,North,Cash,2.35,Americano with Milk
2024-05-18,North,Cash,2.35,Americano with Milk
2024-05-18,North,Cash,2.35,Americano with Milk
2024-05-18,North,Cash,2.90,Cappuccino
2024-05-19,North,Cash,1.80,Espresso
2024-05-19,North,Cash,2.35,Americano with Milk
2024-05-19,North,Money,2.35,Americano with Milk
2024-05-19,North,Cash,2.35,Americano with Milk
2024-05-20,North,Money,2.10,Americano
2024-05-20,North,Money,2.50,Cocoa
2024-05-20,North,Money,2.25,Cortado
2024-05-21,North,Cash,2.50,Cocoa
2024-05-22,North,Money,2.10,Americano
2024-05-22,North,Cash,2.35,Americano with Milk
2024-05-22,North,Cash,2.90,Cappuccino
2024-05-22,North,Money,2.90,Cappuccino
2024-05-23,North,Cash,3.05,Latte
2024-05-23,North,Cash,2.90,Cappuccino
2024-05-23,North,Cash,3.05,Latte
2024-05-23,North,Money,2.65,Hot Chocolate
2024-05-24,North,Cash,2.25,Cortado
2024-05-24,North,Cash,2.65,Hot Chocolate
2024-05-25,North,Money,2.35,Americano with Milk
2024-05-26,North,Cash,2.35,Americano with Milk
2024-05-26,North,Cash,2.25,Cortado
2024-05-26,North,Cash,2.35,Americano with Milk
2024-05-26,North,Cash,3.05,Latte
2024-05-26,North,Cash,2.90,Cappuccino
2024-05-27,North,Cash,2.50,Cocoa
2024-05-27,North,Cash,2.10,Americano
2024-05-27,North,Cash,2.10,Americano
2024-05-28,North,Cash,3.05,Latte
2024-05-28,North,Money,2.10,Americano
2024-05-29,North,Cash,2.50,Cocoa
2024-05-30,North,Cash,2.90,Cappuccino
2024-05-30,North,Cash,2.35,Americano with Milk
2024-05-30,North,Cash,2.35,Americano with Milk
2024-05-30,North,Cash,1.80,Espresso
2024-05-31,North,Cash,2.65,Hot Chocolate
2024-05-31,North,Money,2.90,Cappuccino
2024-05-31,North,Cash,3.05,Latte
2024-05-31,North,Cash,2.25,Cortado
2024-06-01,North,Cash,3.05,Latte
2024-06-01,North,Money,2.35,Americano with Milk
2024-06-01,North,Money,2.50,Cocoa
2024-06-01,North,Cash,2.35,Americano with Milk
2024-06-02,North,Cash,2.35,Americano with Milk
2024-06-03,North,Money,2.90,Cappuccino
2024-06-03,North,Money,2.35,Americano with Milk
2024-06-03,North,Cash,3.05,Latte
2024-06-04,North,Cash,3.05,Latte
2024-06-04,North,Money,2.25,Cortado
2024-06-04,North,Cash,2.65,Hot Chocolate
2024-06-04,North,Cash,2.35,Americano with Milk
2024-06-04,North,Cash,2.35,Americano with Milk
2024-06-04,North,Cash,2.35,Americano with Milk
2024-06-05,North,Money,2.90,Cappuccino
2024-06-05,North,Cash,3.05,Latte
2024-06-05,North,Cash,2.50,Cocoa
2024-06-06,North,Money,3.05,Latte
2024-06-06,North,Cash,2.10,Americano
2024-06-08,North,Cash,2.90,Cappuccino
2024-06-09,North,Cash,3.05,Latte
2024-06-09,North,Money,2.35,Americano with Milk
2024-06-09,North,Cash,3.05,Latte
2024-06-09,North,Cash,3.05,Latte
2024-06-09,North,Cash,2.25,Cortado
2024-06-09,North,Cash,2.10,Americano
2024-06-11,North,Cash,2.35,Americano with Milk
2024-06-11,North,Cash,3.05,Latte
2024-06-12,North,Money,2.90,Cappuccino
2024-06-12,North,Money,3.05,Latte
2024-06-12,North,Cash,2.65,Hot Chocolate
2024-06-13,North,Cash,2.35,Americano with Milk
2024-06-13,North,Cash,2.35,Americano with Milk
2024-06-13,North,Cash,1.80,Espresso
2024-06-14,North,Cash,2.25,Cortado
2024-06-14,North,Cash,3.05,Latte
2024-06-15,North,Money,2.90,Cappuccino
2024-06-15,North,Cash,2.35,Americano with Milk
2024-06-16,North,Cash,2.35,Americano with Milk
2024-06-16,North,Money,2.65,Hot Chocolate
2024-06-16,North,Cash,2.35,Americano with Milk
2024-06-17,North,Money,2.90,Cappuccino
2024-06-17,North,Cash,2.35,Americano with Milk
2024-06-18,North,Money,2.90,Cappuccino
2024-06-19,North,Cash,3.05,Latte
2024-06-19,North,Cash,2.10,Americano
2024-06-19,North,Cash,3.05,Latte
2024-06-19,North,Cash,2.90,Cappuccino
2024-06-19,North,Cash,3.05,Latte
2024-06-20,North,Money,3.05,Latte
2024-06-20,North,Money,3.05,Latte
2024-06-21,North,Cash,2.10,Americano
2024-06-21,North,Cash,2.35,Americano with Milk
2024-06-21,North,Cash,2.10,Americano
2024-06-22,North,Cash,2.25,Cortado
2024-06-22,North,Cash,2.35,Americano with Milk
2024-06-23,North,Money,2.35,Americano with Milk
2024-06-23,North,Money,2.90,Cappuccino
2024-06-24,North,Cash,2.90,Cappuccino
2024-06-25,North,Cash,3.05,Latte
2024-06-25,North,Cash,2.35,Americano with Milk
2024-06-26,North,Cash,3.05,Latte
2024-06-26,North,Cash,2.10,Americano
2024-06-28,North,Money,3.05,Latte
2024-06-29,North,Cash,2.90,Cappuccino
2024-06-30,North,Cash,3.05,Latte
2024-06-30,North,Cash,2.35,Americano with Milk
2024-07-01,North,Cash,1.80,Espresso
2024-07-02,North,Cash,2.35,Americano with Milk
2024-07-02,North,Cash,2.35,Americano with Milk
2024-07-02,North,Money,2.35,Americano with Milk
2024-07-03,North,Cash,2.35,Americano with Milk
2024-07-03,North,Cash,1.80,Espresso
2024-07-03,North,Cash,2.90,Cappuccino
2024-07-04,North,Cash,2.10,Americano
2024-07-05,North,Cash,2.10,Americano
2024-07-05,North,Cash,2.10,Americano
2024-07-06,North,Money,3.05,Latte
2024-07-07,North,Money,2.35,Americano with Milk
2024-07-07,North,Cash,2.90,Cappuccino
2024-07-07,North,Money,3.05,Latte
2024-07-07,North,Money,2.65,Hot Chocolate
2024-07-08,North,Money,2.10,Americano
2024-07-08,North,Money,2.10,Americano
2024-07-09,North,Cash,2.35,Americano with Milk
2024-07-11,North,Cash,3.05,Latte
2024-07-12,North,Cash,2.25,Cortado
2024-07-12,North,Cash,2.65,Hot Chocolate
2024-07-13,North,Cash,3.05,Latte
2024-07-14,North,Cash,2.10,Americano
2024-07-18,North,Cash,2.35,Americano with Milk
2024-07-20,North,Money,2.10,Americano
2024-07-21,North,Cash,2.50,Cocoa
2024-07-21,North,Money,3.05,Latte
2024-07-22,North,Cash,2.10,Americano
2024-07-23,North,Money,2.35,Americano with Milk
2024-07-23,North,Cash,2.50,Cocoa
2024-07-23,North,Cash,3.05,Latte
2024-07-24,North,Cash,3.05,Latte
2024-07-24,North,Cash,2.90,Cappuccino
2024-07-24,North,Money,2.10,Americano
2024-07-25,North,Money,2.10,Americano
2024-07-25,North,Money,2.90,Cappuccino
2024-07-26,North,Money,3.05,Latte
2024-07-26,North,Cash,3.05,Latte
2024-07-26,North,Cash,2.90,Cappuccino
2024-07-26,North,Money,2.90,Cappuccino
2024-07-26,North,Money,2.90,Cappuccino
2024-07-26,North,Cash,3.05,Latte
2024-07-27,North,Cash,1.80,Espresso
2024-07-27,North,Cash,2.90,Cappuccino
2024-07-29,North,Money,2.10,Americano
2024-07-29,North,Money,2.10,Americano
2024-07-29,North,Cash,2.90,Cappuccino
2024-07-29,North,Cash,2.50,Cocoa
2024-07-30,North,Cash,2.25,Cortado
2024-07-30,North,Cash,2.25,Cortado
2024-07-30,North,Cash,1.80,Espresso
2024-07-30,North,Cash,2.25,Cortado
2024-07-30,North,Cash,2.35,Americano with Milk
2024-07-30,North,Money,2.35,Americano with Milk
2024-07-31,North,Cash,2.35,Americano with Milk
2024-07-31,North,Cash,2.35,Americano with Milk
2024-07-31,North,Cash,3.05,Latte
2024-07-31,North,Cash,3.05,Latte
2024-07-31,North,Cash,3.05,Latte
2024-07-31,North,Money,2.25,Cortado
2024-07-31,North,Cash,3.05,Latte
2024-07-31,North,Cash,3.05,Latte
2024-07-31,North,Cash,3.05,Latte
2024-08-01,North,Cash,2.35,Americano with Milk
2024-08-01,North,Money,2.10,Americano
2024-08-01,North,Money,2.90,Cappuccino
2024-08-02,North,Cash,2.35,Americano with Milk
2024-08-02,North,Cash,2.25,Cortado
2024-08-02,North,Money,2.35,Americano with Milk
2024-08-02,North,Money,3.05,Latte
2024-08-03,North,Cash,2.35,Americano with Milk
2024-08-03,North,Cash,2.25,Cortado
2024-08-03,North,Money,1.80,Espresso
2024-08-03,North,Money,2.35,Americano with Milk
2024-08-03,North,Cash,2.90,Cappuccino
2024-08-03,North,Cash,3.05,Latte
2024-08-04,North,Cash,2.90,Cappuccino
2024-08-04,North,Cash,2.90,Cappuccino
2024-08-05,North,Money,2.90,Cappuccino
2024-08-05,North,Cash,3.05,Latte
2024-08-06,North,Money,2.25,Cortado
2024-08-06,North,Money,2.90,Cappuccino
2024-08-06,North,Cash,3.05,Latte
2024-08-07,North,Cash,2.50,Cocoa
2024-08-08,North,Cash,1.80,Espresso
2024-08-08,North,Cash,2.35,Americano with Milk
2024-08-09,North,Cash,2.10,Americano
2024-08-09,North,Cash,2.25,Cortado
2024-08-09,North,Money,3.05,Latte
2024-08-09,North,Cash,2.10,Americano
2024-08-09,North,Cash,2.10,Americano
2024-08-10,North,Money,2.90,Cappuccino
2024-08-10,North,Cash,2.25,Cortado
2024-08-10,North,Cash,2.25,Cortado
2024-08-10,North,Money,2.50,Cocoa
2024-08-10,North,Cash,2.50,Cocoa
2024-08-11,North,Money,3.05,Latte
2024-08-11,North,Money,1.80,Espresso
2024-08-11,North,Cash,3.05,Latte
2024-08-11,North,Money,2.90,Cappuccino
2024-08-12,North,Cash,3.05,Latte
2024-08-12,North,Cash,2.35,Americano with Milk
2024-08-12,North,Cash,3.05,Latte
2024-08-12,North,Cash,2.90,Cappuccino
2024-08-13,North,Money,2.25,Cortado
2024-08-13,North,Cash,2.35,Americano with Milk
2024-08-13,North,Money,2.50,Cocoa
2024-08-13,North,Cash,2.25,Cortado
2024-08-14,North,Money,2.25,Cortado
2024-08-14,North,Cash,2.10,Americano
2024-08-14,North,Money,2.25,Cortado
2024-08-14,North,Money,3.05,Latte
2024-08-14,North,Cash,3.05,Latte
2024-08-15,North,Cash,2.90,Cappuccino
2024-08-15,North,Cash,2.65,Hot Chocolate
2024-08-15,North,Money,2.35,Americano with Milk
2024-08-15,North,Money,2.10,Americano
2024-08-15,North,Cash,2.90,Cappuccino
2024-08-15,North,Money,1.80,Espresso
2024-08-16,North,Money,2.10,Americano
2024-08-16,North,Cash,2.35,Americano with Milk
2024-08-17,North,Money,2.35,Americano with Milk
2024-08-18,North,Cash,2.90,Cappuccino
2024-08-18,North,Cash,2.25,Cortado
2024-08-18,North,Cash,2.35,Americano with Milk
2024-08-18,North,Cash,2.35,Americano with Milk
2024-08-18,North,Cash,2.35,Americano with Milk
2024-08-19,North,Money,2.50,Cocoa
2024-08-20,North,Cash,2.25,Cortado
2024-08-20,North,Cash,2.10,Americano
2024-08-20,North,Cash,3.05,Latte
2024-08-21,North,Cash,2.35,Americano with Milk
2024-08-21,North,Cash,2.25,Cortado
2024-08-21,North,Cash,2.10,Americano
2024-08-21,North,Cash,3.05,Latte
2024-08-22,North,Money,3.05,Latte
2024-08-24,North,Cash,2.25,Cortado
2024-08-25,North,Money,2.25,Cortado
2024-08-26,North,Cash,2.10,Americano
2024-08-26,North,Cash,3.05,Latte
2024-08-26,North,Money,2.90,Cappuccino
2024-08-26,North,Cash,2.35,Americano with Milk
2024-08-26,North,Money,3.05,Latte
2024-08-29,North,Cash,2.10,Americano
2024-08-30,North,Cash,2.35,Americano with Milk
2024-08-30,North,Cash,2.35,Americano with Milk
2024-08-31,North,Cash,2.25,Cortado
2024-08-31,North,Money,2.35,Americano with Milk
2024-08-31,North,Cash,2.25,Cortado
2024-09-01,North,Cash,2.25,Cortado
2024-09-01,North,Cash,2.10,Americano
2024-09-01,North,Cash,2.35,Americano with Milk
2024-09-02,North,Money,2.35,Americano with Milk
2024-09-02,North,Money,2.50,Cocoa
2024-09-02,North,Money,2.10,Americano
2024-09-03,North,Money,2.50,Cocoa
2024-09-03,North,Cash,3.05,Latte
2024-09-03,North,Money,2.90,Cappuccino
2024-09-03,North,Cash,2.50,Cocoa
2024-09-03,North,Cash,2.35,Americano with Milk
2024-09-03,North,Money,3.05,Latte
2024-09-03,North,Money,2.50,Cocoa
2024-09-03,North,Money,2.35,Americano with Milk
2024-09-03,North,Money,2.35,Americano with Milk
2024-09-04,North,Cash,2.35,Americano with Milk
2024-09-04,North,Money,2.35,Americano with Milk
2024-09-05,North,Cash,3.05,Latte
2024-09-05,North,Cash,2.35,Americano with Milk
2024-09-05,North,Cash,2.10,Americano
2024-09-05,North,Cash,2.35,Americano with Milk
2024-09-06,North,Cash,3.05,Latte
2024-09-07,North,Money,2.35,Americano with Milk
2024-09-07,North,Money,2.35,Americano with Milk
2024-09-07,North,Cash,1.80,Espresso
2024-09-07,North,Cash,3.05,Latte
2024-09-08,North,Money,2.25,Cortado
2024-09-08,North,Cash,2.25,Cortado
2024-09-08,North,Money,2.25,Cortado
2024-09-08,North,Cash,2.10,Americano
2024-09-09,North,Cash,2.35,Americano with Milk
2024-09-09,North,Cash,3.05,Latte
2024-09-09,North,Cash,3.05,Latte
2024-09-09,North,Money,2.35,Americano with Milk
2024-09-09,North,Money,3.05,Latte
2024-09-09,North,Money,1.80,Espresso
2024-09-09,North,Money,2.10,Americano
2024-09-09,North,Money,2.90,Cappuccino
2024-09-10,North,Cash,2.25,Cortado
2024-09-10,North,Cash,2.35,Americano with Milk
2024-09-10,North,Cash,3.05,Latte
2024-09-11,North,Cash,3.05,Latte
2024-09-11,North,Cash,2.90,Cappuccino
2024-09-11,North,Money,2.25,Cortado
2024-09-12,North,Cash,1.80,Espresso
2024-09-12,North,Cash,2.25,Cortado
2024-09-12,North,Cash,2.25,Cortado
2024-09-12,North,Cash,2.25,Cortado
2024-09-13,North,Cash,3.05,Latte
2024-09-14,North,Money,2.90,Cappuccino
2024-09-16,North,Money,3.05,Latte
2024-09-16,North,Money,3.05,Latte
2024-09-16,North,Cash,2.35,Americano with Milk
2024-09-16,North,Cash,3.05,Latte
2024-09-16,North,Cash,2.35,Americano with Milk
2024-09-17,North,Cash,2.35,Americano with Milk
2024-09-17,North,Money,3.05,Latte
2024-09-17,North,Cash,2.35,Americano with Milk
2024-09-17,North,Cash,2.35,Americano with Milk
2024-09-17,North,Cash,2.35,Americano with Milk
2024-09-17,North,Cash,2.65,Hot Chocolate
2024-09-18,North,Money,3.05,Latte
2024-09-18,North,Cash,2.35,Americano with Milk
2024-09-21,North,Money,3.05,Latte
2024-09-21,North,Cash,3.05,Latte
2024-09-21,North,Cash,3.05,Latte
2024-09-21,North,Cash,2.10,Americano
2024-09-22,North,Cash,2.35,Americano with Milk
2024-09-22,North,Cash,3.05,Latte
2024-09-22,North,Money,2.35,Americano with Milk
2024-09-22,North,Cash,2.35,Americano with Milk
2024-09-22,North,Cash,3.05,Latte
2024-09-22,North,Cash,2.35,Americano with Milk
2024-09-23,North,Money,2.10,Americano
2024-09-23,North,Cash,2.10,Americano
2024-09-24,North,Cash,3.05,Latte
2024-09-24,North,Cash,2.25,Cortado
2024-09-24,North,Cash,2.90,Cappuccino
2024-09-24,North,Money,2.10,Americano
2024-09-24,North,Cash,2.35,Americano with Milk
2024-09-24,North,Cash,2.35,Americano with Milk
2024-09-25,North,Money,2.35,Americano with Milk
2024-09-25,North,Money,2.10,Americano
2024-09-26,North,Cash,3.05,Latte
2024-09-27,North,Money,2.35,Americano with Milk
2024-09-27,North,Money,2.10,Americano
2024-09-27,North,Cash,2.90,Cappuccino
2024-09-27,North,Cash,2.90,Cappuccino
2024-09-27,North,Cash,2.35,Americano with Milk
2024-09-28,North,Cash,2.35,Americano with Milk
2024-09-28,North,Cash,3.05,Latte
2024-09-28,North,Money,2.65,Hot Chocolate
2024-09-29,North,Cash,2.90,Cappuccino
2024-09-29,North,Money,3.05,Latte
2024-09-29,North,Cash,3.05,Latte
2024-09-30,North,Cash,2.65,Hot Chocolate
2024-09-30,North,Cash,2.25,Cortado
2024-09-30,North,Cash,2.35,Americano with Milk
2024-10-01,North,Money,3.05,Latte
2024-10-01,North,Cash,2.35,Americano with Milk
2024-10-01,North,Cash,3.05,Latte
2024-10-02,North,Cash,2.25,Cortado
2024-10-02,North,Money,2.35,Americano with Milk
2024-10-02,North,Cash,3.05,Latte
2024-10-02,North,Money,2.35,Americano with Milk
2024-10-02,North,Cash,2.90,Cappuccino
2024-10-02,North,Cash,2.65,Hot Chocolate
2024-10-03,North,Money,2.65,Hot Chocolate
2024-10-03,North,Cash,2.65,Hot Chocolate
2024-10-03,North,Cash,2.90,Cappuccino
2024-10-03,North,Cash,2.65,Hot Chocolate
2024-10-04,North,Money,2.10,Americano
2024-10-05,North,Cash,2.90,Cappuccino
2024-10-06,North,Cash,2.25,Cortado
2024-10-06,North,Cash,2.90,Cappuccino
2024-10-06,North,Money,3.05,Latte
2024-10-06,North,Cash,1.80,Espresso
2024-10-06,North,Money,2.65,Hot Chocolate
2024-10-06,North,Cash,2.65,Hot Chocolate
2024-10-06,North,Cash,3.05,Latte
2024-10-07,North,Cash,2.35,Americano with Milk
2024-10-07,North,Cash,2.50,Cocoa
2024-10-07,North,Cash,2.35,Americano with Milk
2024-10-07,North,Cash,3.05,Latte
2024-10-08,North,Cash,2.10,Americano
2024-10-08,North,Cash,3.05,Latte
2024-10-08,North,Cash,3.05,Latte
2024-10-08,North,Money,2.10,Americano
2024-10-08,North,Money,2.65,Hot Chocolate
2024-10-08,North,Cash,3.05,Latte
2024-10-09,North,Cash,2.35,Americano with Milk
2024-10-09,North,Money,1.80,Espresso
2024-10-09,North,Cash,2.10,Americano
2024-10-09,North,Money,2.90,Cappuccino
2024-10-09,North,Cash,2.90,Cappuccino
2024-10-10,North,Cash,2.35,Americano with Milk
2024-10-10,North,Cash,3.05,Latte
2024-10-10,North,Cash,2.25,Cortado
2024-10-10,North,Cash,2.25,Cortado
2024-10-10,North,Cash,2.65,Hot Chocolate
2024-10-10,North,Cash,2.65,Hot Chocolate
2024-10-11,North,Cash,3.05,Latte
2024-10-11,North,Cash,2.50,Cocoa
2024-10-11,North,Cash,2.50,Cocoa
2024-10-11,North,Money,2.35,Americano with Milk
2024-10-11,North,Cash,2.10,Americano
2024-10-11,North,Cash,2.10,Americano
2024-10-11,North,Cash,2.50,Cocoa
2024-10-11,North,Money,2.90,Cappuccino
2024-10-11,North,Cash,3.05,Latte
2024-10-13,North,Cash,2.25,Cortado
2024-10-13,North,Cash,1.80,Espresso
2024-10-13,North,Money,3.05,Latte
2024-10-13,North,Cash,2.90,Cappuccino
2024-10-14,North,Money,2.35,Americano with Milk
2024-10-14,North,Cash,2.50,Cocoa
2024-10-14,North,Money,3.05,Latte
2024-10-14,North,Money,2.90,Cappuccino
2024-10-14,North,Money,3.05,Latte
2024-10-14,North,Cash,3.05,Latte
2024-10-14,North,Cash,3.05,Latte
2024-10-15,North,Cash,2.25,Cortado
2024-10-15,North,Cash,2.65,Hot Chocolate
2024-10-15,North,Cash,3.05,Latte
2024-10-15,North,Cash,2.10,Americano
2024-10-15,North,Cash,2.50,Cocoa
2024-10-15,North,Cash,3.05,Latte
2024-10-15,North,Money,2.65,Hot Chocolate
2024-10-15,North,Cash,2.65,Hot Chocolate
2024-10-16,North,Money,2.35,Americano with Milk
2024-10-16,North,Cash,3.05,Latte
2024-10-16,North,Cash,2.35,Americano with Milk
2024-10-16,North,Money,2.35,Americano with Milk
2024-10-17,North,Cash,3.05,Latte
2024-10-17,North,Money,2.65,Hot Chocolate
2024-10-17,North,Cash,2.65,Hot Chocolate
2024-10-18,North,Cash,2.50,Cocoa
2024-10-18,North,Cash,3.05,Latte
2024-10-19,North,Money,2.90,Cappuccino
2024-10-19,North,Cash,3.05,Latte
2024-10-19,North,Cash,2.50,Cocoa
2024-10-19,North,Cash,2.90,Cappuccino
2024-10-20,North,Money,3.05,Latte
2024-10-20,North,Cash,3.05,Latte
2024-10-20,North,Money,2.25,Cortado
2024-10-20,North,Cash,3.05,Latte
2024-10-20,North,Money,2.25,Cortado
2024-10-20,North,Money,3.05,Latte
2024-10-21,North,Money,3.05,Latte
2024-10-21,North,Cash,2.10,Americano
2024-10-21,North,Money,1.80,Espresso
2024-10-21,North,Cash,3.05,Latte
2024-10-21,North,Money,3.05,Latte
2024-10-22,North,Cash,3.05,Latte
2024-10-22,North,Cash,1.80,Espresso
2024-10-22,North,Cash,3.05,Latte
2024-10-23,North,Cash,2.35,Americano with Milk
2024-10-23,North,Cash,2.50,Cocoa
2024-10-23,North,Cash,2.35,Americano with Milk
2024-10-24,North,Cash,2.90,Cappuccino
2024-10-24,North,Money,2.10,Americano
2024-10-24,North,Cash,2.65,Hot Chocolate
2024-10-24,North,Cash,2.65,Hot Chocolate
2024-10-24,North,Cash,2.90,Cappuccino
2024-10-25,North,Cash,3.05,Latte
2024-10-25,North,Money,2.50,Cocoa
2024-10-25,North,Money,3.05,Latte
2024-10-25,North,Cash,2.90,Cappuccino
2024-10-25,North,Cash,2.65,Hot Chocolate
2024-10-25,North,Cash,1.80,Espresso
2024-10-26,North,Cash,3.05,Latte
2024-10-26,North,Cash,2.35,Americano with Milk
2024-10-27,North,Cash,3.05,Latte
2024-10-27,North,Money,2.35,Americano with Milk
2024-10-27,North,Cash,2.90,Cappuccino
2024-10-28,North,Cash,2.65,Hot Chocolate
2024-10-28,North,Money,2.90,Cappuccino
2024-10-28,North,Cash,2.90,Cappuccino
2024-10-29,North,Cash,3.05,Latte
2024-10-29,North,Money,2.35,Americano with Milk
2024-10-29,North,Cash,1.80,Espresso
2024-10-29,North,Cash,2.25,Cortado
2024-10-29,North,Money,2.50,Cocoa
2024-10-29,North,Cash,2.90,Cappuccino
2024-10-29,North,Cash,2.65,Hot Chocolate
2024-10-30,North,Cash,2.10,Americano
2024-10-30,North,Money,3.05,Latte
2024-10-30,North,Cash,3.05,Latte
2024-10-30,North,Money,2.35,Americano with Milk
2024-10-30,North,Money,2.35,Americano with Milk
2024-10-31,North,Cash,2.35,Americano with Milk
2024-10-31,North,Cash,2.35,Americano with Milk
2024-11-01,North,Money,2.50,Cocoa
2024-11-01,North,Cash,2.10,Americano
2024-11-01,North,Cash,2.50,Cocoa
2024-11-01,North,Money,2.25,Cortado
2024-11-01,North,Cash,2.35,Americano with Milk
2024-11-02,North,Money,2.35,Americano with Milk
2024-11-02,North,Cash,3.05,Latte
2024-11-03,North,Money,2.25,Cortado
2024-11-03,North,Money,2.35,Americano with Milk
2024-11-03,North,Money,2.50,Cocoa
2024-11-03,North,Money,2.10,Americano
2024-11-03,North,Cash,2.65,Hot Chocolate
2024-11-04,North,Cash,3.05,Latte
2024-11-04,North,Cash,2.50,Cocoa
2024-11-05,North,Cash,2.50,Cocoa
2024-11-05,North,Money,2.35,Americano with Milk
2024-11-05,North,Cash,3.05,Latte
2024-11-06,North,Cash,3.05,Latte
2024-11-06,North,Cash,2.90,Cappuccino
2024-11-06,North,Cash,2.65,Hot Chocolate
2024-11-07,North,Money,2.10,Americano
2024-11-07,North,Cash,3.05,Latte
2024-11-08,North,Cash,2.35,Americano with Milk
2024-11-08,North,Money,3.05,Latte
2024-11-08,North,Money,2.35,Americano with Milk
2024-11-08,North,Cash,2.65,Hot Chocolate
2024-11-09,North,Cash,2.35,Americano with Milk
2024-11-09,North,Money,3.05,Latte
2024-11-09,North,Money,2.10,Americano
2024-11-09,North,Money,3.05,Latte
2024-11-09,North,Cash,2.50,Cocoa
2024-11-09,North,Cash,2.10,Americano
2024-11-10,North,Cash,2.10,Americano
2024-11-10,North,Cash,2.65,Hot Chocolate
2024-11-10,North,Cash,2.90,Cappuccino
2024-11-11,North,Cash,2.90,Cappuccino
2024-11-11,North,Cash,2.35,Americano with Milk
2024-11-11,North,Cash,2.65,Hot Chocolate
2024-11-11,North,Money,3.05,Latte
2024-11-12,North,Money,3.05,Latte
2024-11-12,North,Cash,3.05,Latte
2024-11-12,North,Money,2.50,Cocoa
2024-11-12,North,Money,2.90,Cappuccino
2024-11-13,North,Cash,2.35,Americano with Milk
2024-11-13,North,Money,2.35,Americano with Milk
2024-11-13,North,Money,3.05,Latte
2024-11-14,North,Cash,3.05,Latte
2024-11-14,North,Money,3.05,Latte
2024-11-15,North,Cash,2.35,Americano with Milk
2024-11-15,North,Cash,2.50,Cocoa
2024-11-15,North,Money,3.05,Latte
2024-11-15,North,Money,2.10,Americano
2024-11-15,North,Money,2.35,Americano with Milk
2024-11-15,North,Money,3.05,Latte
2024-11-15,North,Cash,2.65,Hot Chocolate
2024-11-15,North,Cash,2.35,Americano with Milk
2024-11-16,North,Cash,2.25,Cortado
2024-11-16,North,Cash,2.65,Hot Chocolate
2024-11-16,North,Cash,2.10,Americano
2024-11-16,North,Cash,3.05,Latte
2024-11-17,North,Money,3.05,Latte
2024-11-18,North,Money,3.05,Latte
2024-11-18,North,Cash,3.05,Latte
2024-11-19,North,Cash,2.35,Americano with Milk
2024-11-19,North,Cash,1.80,Espresso
2024-11-19,North,Cash,3.05,Latte
2024-11-20,North,Money,2.90,Cappuccino
2024-11-21,North,Cash,2.50,Cocoa
2024-11-21,North,Cash,2.35,Americano with Milk
2024-11-22,North,Cash,3.05,Latte
2024-11-23,North,Cash,2.10,Americano
2024-11-24,North,Cash,3.05,Latte
2024-11-25,North,Money,2.65,Hot Chocolate
2024-11-25,North,Cash,2.65,Hot Chocolate
2024-11-25,North,Cash,2.65,Hot Chocolate
2024-11-26,North,Cash,2.50,Cocoa
2024-11-28,North,Cash,2.90,Cappuccino
2024-11-28,North,Money,2.35,Americano with Milk
2024-11-28,North,Money,3.05,Latte
2024-11-29,North,Cash,2.35,Americano with Milk
2024-11-29,North,Money,3.05,Latte
2024-11-29,North,Cash,2.50,Cocoa
2024-11-30,North,Cash,2.35,Americano with Milk
2024-11-30,North,Cash,2.35,Americano with Milk
2024-12-01,North,Cash,2.35,Americano with Milk
2024-12-01,North,Cash,2.50,Cocoa
2024-12-01,North,Money,2.50,Cocoa
2024-12-01,North,Cash,3.05,Latte
2024-12-02,North,Cash,3.05,Latte
2024-12-02,North,Cash,2.35,Americano with Milk
2024-12-02,North,Money,2.25,Cortado
2024-12-02,North,Money,2.90,Cappuccino
2024-12-03,North,Cash,3.05,Latte
2024-12-03,North,Cash,2.35,Americano with Milk
2024-12-03,North,Cash,2.65,Hot Chocolate
2024-12-04,North,Cash,2.10,Americano
2024-12-04,North,Cash,2.35,Americano with Milk
2024-12-04,North,Money,2.35,Americano with Milk
2024-12-04,North,Cash,2.65,Hot Chocolate
2024-12-05,North,Cash,2.35,Americano with Milk
2024-12-07,North,Cash,2.35,Americano with Milk
2024-12-07,North,Money,2.35,Americano with Milk
2024-12-08,North,Money,2.35,Americano with Milk
2024-12-09,North,Cash,2.10,Americano
2024-12-10,North,Cash,2.25,Cortado
2024-12-11,North,Cash,3.05,Latte
2024-12-12,North,Cash,2.35,Americano with Milk
2024-12-12,North,Money,1.80,Espresso
2024-12-13,North,Cash,2.10,Americano
2024-12-13,North,Money,2.65,Hot Chocolate
2024-12-13,North,Cash,2.90,Cappuccino
2024-12-14,North,Cash,2.10,Americano
2024-12-16,North,Cash,2.35,Americano with Milk
2024-12-16,North,Cash,3.05,Latte
2024-12-17,North,Money,2.25,Cortado
2024-12-17,North,Cash,2.10,Americano
2024-12-17,North,Cash,2.50,Cocoa
2024-12-18,North,Cash,2.90,Cappuccino
2024-12-19,North,Cash,2.65,Hot Chocolate
2024-12-19,North,Cash,2.35,Americano with Milk
2024-12-22,North,Cash,2.25,Cortado
2024-12-23,North,Money,3.05,Latte
2024-12-24,North,Cash,3.05,Latte
2024-12-24,North,Cash,2.90,Cappuccino
2024-12-25,North,Cash,3.05,Latte
2024-12-25,North,Cash,2.35,Americano with Milk
2024-12-25,North,Money,2.50,Cocoa
2024-12-25,North,Cash,3.05,Latte
2024-12-26,North,Cash,2.90,Cappuccino
2024-12-26,North,Cash,1.80,Espresso
2024-12-27,North,Cash,2.10,Americano
2024-12-27,North,Money,2.25,Cortado
2024-12-27,North,Cash,2.10,Americano
2024-12-27,North,Cash,2.35,Americano with Milk
2024-12-28,North,Cash,2.25,Cortado
2024-12-28,North,Cash,2.35,Americano with Milk
2024-12-28,North,Cash,2.90,Cappuccino
2024-12-29,North,Cash,2.25,Cortado
2024-12-29,North,Cash,2.10,Americano
2024-12-29,North,Cash,2.25,Cortado
2024-12-29,North,Money,2.25,Cortado
2024-12-30,North,Cash,2.35,Americano with Milk
2024-12-30,North,Money,2.10,Americano
2024-12-31,North,Cash,2.25,Cortado
2024-12-31,North,Cash,2.90,Cappuccino
2024-12-31,North,Cash,2.50,Cocoa
2024-12-31,North,Cash,2.90,Cappuccino
2024-12-31,North,Cash,1.80,Espresso
2024-12-31,North,Cash,3.05,Latte
2025-01-02,North,Cash,2.50,Cocoa
2025-01-02,North,Money,2.25,Cortado
2025-01-02,North,Cash,2.10,Americano
2025-01-03,North,Cash,2.90,Cappuccino
2025-01-03,North,Cash,2.10,Americano
2025-01-03,North,Cash,2.10,Americano
2025-01-03,North,Cash,3.05,Latte
2025-01-04,North,Money,2.10,Americano
2025-01-04,North,Cash,2.35,Americano with Milk
2025-01-05,North,Cash,2.35,Americano with Milk
2025-01-05,North,Cash,2.35,Americano with Milk
2025-01-06,North,Cash,2.10,Americano
2025-01-07,North,Cash,2.50,Cocoa
2025-01-09,North,Cash,2.10,Americano
2025-01-09,North,Cash,2.35,Americano with Milk
2025-01-09,North,Money,2.25,Cortado
2025-01-11,North,Cash,3.05,Latte
2025-01-11,North,Cash,3.05,Latte
2025-01-11,North,Money,2.35,Americano with Milk
2025-01-11,North,Cash,2.35,Americano with Milk
2025-01-12,North,Money,2.35,Americano with Milk
2025-01-12,North,Money,2.35,Americano with Milk
2025-01-12,North,Money,2.35,Americano with Milk
2025-01-14,North,Money,2.25,Cortado
2025-01-14,North,Cash,3.05,Latte
2025-01-14,North,Money,2.35,Americano with Milk
2025-01-15,North,Cash,3.05,Latte
2025-01-15,North,Money,2.90,Cappuccino
2025-01-15,North,Money,3.05,Latte
2025-01-15,North,Cash,3.05,Latte
2025-01-16,North,Cash,3.05,Latte
2025-01-16,North,Cash,2.35,Americano with Milk
2025-01-16,North,Money,2.90,Cappuccino
2025-01-16,North,Cash,2.25,Cortado
2025-01-17,North,Cash,2.50,Cocoa
2025-01-17,North,Cash,3.05,Latte
2025-01-18,North,Cash,3.05,Latte
2025-01-20,North,Money,2.65,Hot Chocolate
2025-01-20,North,Cash,3.05,Latte
2025-01-21,North,Cash,2.50,Cocoa
2025-01-21,North,Cash,2.25,Cortado
2025-01-21,North,Cash,2.35,Americano with Milk
2025-01-21,North,Cash,2.65,Hot Chocolate
2025-01-22,North,Money,1.80,Espresso
2025-01-22,North,Cash,2.35,Americano with Milk
2025-01-24,North,Cash,2.65,Hot Chocolate
2025-01-24,North,Money,3.05,Latte
2025-01-28,North,Money,2.35,Americano with Milk
2025-01-28,North,Cash,2.10,Americano
2025-01-28,North,Money,2.50,Cocoa
2025-01-29,North,Cash,2.10,Americano
2025-01-29,North,Cash,1.80,Espresso
2025-01-30,North,Cash,2.10,Americano
2025-01-30,North,Cash,2.65,Hot Chocolate
2025-01-30,North,Cash,2.25,Cortado
2025-01-31,North,Cash,2.35,Americano with Milk
2025-01-31,North,Money,2.35,Americano with Milk
2025-01-31,North,Money,2.90,Cappuccino
2025-01-31,North,Cash,2.35,Americano with Milk
2025-02-01,North,Cash,2.35,Americano with Milk
2025-02-01,North,Money,2.90,Cappuccino
2025-02-02,North,Cash,2.35,Americano with Milk
2025-02-03,North,Cash,2.35,Americano with Milk
2025-02-03,North,Cash,2.10,Americano
2025-02-03,North,Money,3.05,Latte
2025-02-03,North,Cash,3.05,Latte
2025-02-03,North,Cash,2.10,Americano
2025-02-03,North,Cash,2.35,Americano with Milk
2025-02-03,North,Cash,2.65,Hot Chocolate
2025-02-03,North,Cash,2.65,Hot Chocolate
2025-02-03,North,Money,2.10,Americano
2025-02-04,North,Cash,2.25,Cortado
2025-02-04,North,Cash,2.35,Americano with Milk
2025-02-05,North,Cash,2.35,Americano with Milk
2025-02-05,North,Money,2.35,Americano with Milk
2025-02-05,North,Cash,2.35,Americano with Milk
2025-02-05,North,Cash,2.10,Americano
2025-02-05,North,Cash,2.90,Cappuccino
2025-02-05,North,Cash,3.05,Latte
2025-02-05,North,Cash,3.05,Latte
2025-02-05,North,Cash,2.90,Cappuccino
2025-02-05,North,Cash,2.50,Cocoa
2025-02-06,North,Money,2.50,Cocoa
2025-02-06,North,Cash,2.50,Cocoa
2025-02-07,North,Cash,2.35,Americano with Milk
2025-02-07,North,Money,3.05,Latte
2025-02-07,North,Cash,2.25,Cortado
2025-02-07,North,Money,2.50,Cocoa
2025-02-08,North,Cash,2.35,Americano with Milk
2025-02-08,North,Money,2.10,Americano
2025-02-09,North,Cash,3.05,Latte
2025-02-10,North,Cash,2.10,Americano
2025-02-10,North,Cash,2.35,Americano with Milk
2025-02-10,North,Money,2.10,Americano
2025-02-10,North,Cash,2.50,Cocoa
2025-02-10,North,Cash,2.50,Cocoa
2025-02-10,North,Money,2.90,Cappuccino
2025-02-10,North,Money,2.35,Americano with Milk
2025-02-10,North,Cash,2.65,Hot Chocolate
2025-02-10,North,Cash,2.10,Americano
2025-02-11,North,Money,2.10,Americano
2025-02-11,North,Money,3.05,Latte
2025-02-11,North,Money,2.50,Cocoa
2025-02-12,North,Cash,2.90,Cappuccino
2025-02-12,North,Cash,2.10,Americano
2025-02-13,North,Cash,2.35,Americano with Milk
2025-02-13,North,Cash,1.80,Espresso
2025-02-13,North,Cash,2.50,Cocoa
2025-02-13,North,Cash,2.35,Americano with Milk
2025-02-13,North,Cash,3.05,Latte
2025-02-13,North,Money,2.90,Cappuccino
2025-02-14,North,Money,2.10,Americano
2025-02-14,North,Cash,2.65,Hot Chocolate
2025-02-14,North,Cash,2.90,Cappuccino
2025-02-14,North,Money,2.65,Hot Chocolate
2025-02-15,North,Money,2.90,Cappuccino
2025-02-15,North,Cash,2.90,Cappuccino
2025-02-15,North,Money,2.35,Americano with Milk
2025-02-16,North,Cash,2.10,Americano
2025-02-16,North,Money,3.05,Latte
2025-02-17,North,Cash,2.65,Hot Chocolate
2025-02-17,North,Money,2.35,Americano with Milk
2025-02-17,North,Cash,2.10,Americano
2025-02-17,North,Cash,2.35,Americano with Milk
2025-02-17,North,Cash,1.80,Espresso
2025-02-18,North,Cash,2.50,Cocoa
2025-02-18,North,Money,2.50,Cocoa
2025-02-18,North,Cash,2.35,Americano with Milk
2025-02-19,North,Cash,2.90,Cappuccino
2025-02-19,North,Cash,2.65,Hot Chocolate
2025-02-19,North,Money,2.50,Cocoa
2025-02-20,North,Money,2.90,Cappuccino
2025-02-20,North,Cash,2.10,Americano
2025-02-20,North,Money,2.10,Americano
2025-02-20,North,Cash,2.10,Americano
2025-02-21,North,Cash,2.10,Americano
2025-02-21,North,Cash,2.10,Americano
2025-02-21,North,Cash,2.90,Cappuccino
2025-02-21,North,Cash,2.10,Americano
2025-02-21,North,Cash,2.50,Cocoa
2025-02-22,North,Cash,1.80,Espresso
2025-02-23,North,Cash,2.35,Americano with Milk
2025-02-23,North,Cash,2.35,Americano with Milk
2025-02-23,North,Cash,2.10,Americano
2025-02-24,North,Cash,3.05,Latte
2025-02-24,North,Cash,3.05,Latte
2025-02-24,North,Cash,2.50,Cocoa
2025-02-24,North,Cash,2.35,Americano with Milk
2025-02-24,North,Cash,2.90,Cappuccino
2025-02-24,North,Money,3.05,Latte
2025-02-24,North,Cash,2.10,Americano
2025-02-24,North,Cash,2.10,Americano
2025-02-24,North,Cash,2.65,Hot Chocolate
2025-02-24,North,Money,3.05,Latte
2025-02-24,North,Cash,2.50,Cocoa
2025-02-25,North,Cash,2.35,Americano with Milk
2025-02-25,North,Cash,2.90,Cappuccino
2025-02-25,North,Money,2.10,Americano
2025-02-25,North,Money,2.10,Americano
2025-02-26,North,Money,2.50,Cocoa
2025-02-26,North,Money,2.10,Americano
2025-02-26,North,Cash,2.10,Americano
2025-02-26,North,Cash,3.05,Latte
2025-02-26,North,Cash,2.90,Cappuccino
2025-02-27,North,Cash,2.90,Cappuccino
2025-02-27,North,Cash,1.80,Espresso
2025-02-27,North,Cash,2.50,Cocoa
2025-02-27,North,Money,3.05,Latte
2025-02-27,North,Money,2.50,Cocoa
2025-02-28,North,Cash,2.90,Cappuccino
2025-02-28,North,Cash,2.10,Americano
2025-02-28,North,Cash,2.10,Americano
2025-02-28,North,Money,3.05,Latte
2025-02-28,North,Cash,2.35,Americano with Milk
2025-02-28,North,Cash,2.10,Americano
2025-03-01,North,Cash,2.10,Americano
2025-03-01,North,Cash,2.90,Cappuccino
2025-03-02,North,Cash,2.35,Americano with Milk
2025-03-03,North,Money,2.65,Hot Chocolate
2025-03-03,North,Cash,2.90,Cappuccino
2025-03-03,North,Cash,2.65,Hot Chocolate
2025-03-05,North,Money,2.35,Americano with Milk
2025-03-05,North,Cash,2.10,Americano
2025-03-05,North,Money,2.10,Americano
2025-03-05,North,Money,2.35,Americano with Milk
2025-03-05,North,Cash,2.10,Americano
2025-03-05,North,Money,2.35,Americano with Milk
2025-03-05,North,Cash,1.80,Espresso
2025-03-06,North,Cash,2.50,Cocoa
2025-03-06,North,Cash,2.90,Cappuccino
2025-03-07,North,Money,2.90,Cappuccino
2025-03-07,North,Cash,2.10,Americano
2025-03-07,North,Cash,2.35,Americano with Milk
2025-03-07,North,Cash,2.90,Cappuccino
2025-03-07,North,Money,3.05,Latte
2025-03-08,North,Cash,2.35,Americano with Milk
2025-03-08,North,Money,2.35,Americano with Milk
2025-03-09,North,Cash,2.50,Cocoa
2025-03-10,North,Cash,2.10,Americano
2025-03-10,North,Money,3.05,Latte
2025-03-10,North,Money,3.05,Latte
2025-03-10,North,Cash,2.10,Americano
2025-03-11,North,Cash,3.05,Latte
2025-03-11,North,Money,2.10,Americano
2025-03-11,North,Cash,2.10,Americano
2025-03-11,North,Cash,3.05,Latte
2025-03-11,North,Money,2.50,Cocoa
2025-03-12,North,Cash,2.50,Cocoa
2025-03-12,North,Money,3.05,Latte
2025-03-12,North,Cash,2.90,Cappuccino
2025-03-13,North,Cash,2.35,Americano with Milk
2025-03-13,North,Cash,2.35,Americano with Milk
2025-03-13,North,Cash,2.10,Americano
2025-03-14,North,Money,2.10,Americano
2025-03-14,North,Money,2.10,Americano
2025-03-14,North,Cash,3.05,Latte
2025-03-14,North,Money,2.10,Americano
2025-03-14,North,Cash,2.50,Cocoa
2025-03-14,North,Cash,2.10,Americano
2025-03-14,North,Cash,2.10,Americano
2025-03-16,North,Money,3.05,Latte
2025-03-16,North,Money,2.10,Americano
2025-03-17,North,Cash,2.10,Americano
2025-03-17,North,Cash,2.35,Americano with Milk
2025-03-17,North,Cash,2.50,Cocoa
2025-03-17,North,Cash,3.05,Latte
2025-03-17,North,Cash,2.10,Americano
2025-03-18,North,Cash,2.35,Americano with Milk
2025-03-18,North,Cash,3.05,Latte
2025-03-18,North,Money,2.35,Americano with Milk
2025-03-18,North,Cash,2.35,Americano with Milk
2025-03-18,North,Money,2.50,Cocoa
2025-03-18,North,Cash,2.50,Cocoa
2025-03-18,North,Cash,3.05,Latte
2025-03-19,North,Cash,2.10,Americano
2025-03-19,North,Money,2.65,Hot Chocolate
2025-03-19,North,Cash,2.50,Cocoa
2025-03-19,North,Cash,1.80,Espresso
2025-03-20,North,Cash,2.35,Americano with Milk
2025-03-20,North,Cash,2.10,Americano
2025-03-20,North,Money,2.90,Cappuccino
2025-03-20,North,Cash,2.90,Cappuccino
2025-03-21,North,Cash,2.35,Americano with Milk
2025-03-21,North,Money,2.10,Americano
2025-03-21,North,Cash,2.10,Americano
2025-03-21,North,Cash,2.90,Cappuccino
2025-03-22,North,Money,2.35,Americano with Milk
2025-03-22,North,Cash,2.50,Cocoa
2025-03-22,North,Cash,2.35,Americano with Milk
2025-03-23,North,Cash,2.50,Cocoa
2025-03-23,North,Cash,3.05,Latte
